{
  "version": "7",
  "dialect": "mysql",
  "entries": [
    {
      "idx": 0,
      "version": "5",
      "when": 1764010869298,
      "tag": "0000_grey_veda",
      "breakpoints": true
    },
    {
      "idx": 1,
      "version": "5",
      "when": 1764010919645,
      "tag": "0001_classy_landau",
      "breakpoints": true
    },
    {
      "idx": 2,
      "version": "5",
      "when": 1764011775802,
      "tag": "0002_brown_meltdown",
      "breakpoints": true
    },
    {
      "idx": 3,
      "version": "5",
      "when": 1764597454815,
      "tag": "0003_swift_patriot",
      "breakpoints": true
    },
    {
      "idx": 4,
      "version": "5",
      "when": 1764602328887,
      "tag": "0004_clean_leopardon",
      "breakpoints": true
    },
    {
      "idx": 5,
      "version": "5",
      "when": 1764608150994,
      "tag": "0005_plain_zemo",
      "breakpoints": true
    },
    {
      "idx": 6,
      "version": "5",
      "when": 1765935805281,
      "tag": "0006_fair_scream",
      "breakpoints": true
    }
  ]
}